id_evento,id_emprestimo,tipo_evento,valor,data_evento,observacao
9c7854c4-59fe-473e-a574-bdf984b6bc7a,30c1456a-aff2-4bcc-9102-ee1f6345cd82,DESEMBOLSO,97870.91,2021-06-19 21:23:06,
c6d3aaa7-601f-48b5-b2b7-bbe4ef82431d,30c1456a-aff2-4bcc-9102-ee1f6345cd82,parcela_paga,4218.64,2021-07-18 21:23:06,pagamento via PIX
faece6f7-ae1d-41b7-8e37-6db81bff0d4d,30c1456a-aff2-4bcc-9102-ee1f6345cd82,installment_paid,4218.64,2021-08-15 21:23:06,pagamento via débito automático
bb6a1fa9-20e4-4ec0-aed9-3582b8c9ccf1,30c1456a-aff2-4bcc-9102-ee1f6345cd82,ATRASO,0,2021-09-14 21:23:06,pagamento via PIX
59b469d8-cd75-424d-b988-3abfc9ac3478,30c1456a-aff2-4bcc-9102-ee1f6345cd82,parcela_paga,4218.64,2021-10-17 21:23:06,pagamento via débito automático
2152d38a-893a-4d05-b3e7-534e99f0cb90,0b80b71c-756b-4616-a41b-2647a18c2a9f,desembolso,44792.99,2022-05-01 15:50:17,
69cc0385-66a4-499c-b2a3-e60de0c0f163,0b80b71c-756b-4616-a41b-2647a18c2a9f,parcela_paga,2016.06,2022-06-02 15:50:17,atraso de 5 dias
ca3deb6d-af9a-4e1e-ae4d-77f924b74159,0b80b71c-756b-4616-a41b-2647a18c2a9f,parcela_paga,2016.06,2022-07-03 15:50:17,atraso de 5 dias
c7955ec7-7d5e-4153-8384-e09928203d8b,0b80b71c-756b-4616-a41b-2647a18c2a9f,installment_paid,2016.06,2022-08-03 15:50:17,pagamento via débito automático
99d60e66-2dec-4a11-9d00-985fd715a798,0b80b71c-756b-4616-a41b-2647a18c2a9f,PARCELA_PAGA,2016.06,2022-09-01 15:50:17,
ec17ba5d-a9f6-4715-a080-4fbb308560bc,0b80b71c-756b-4616-a41b-2647a18c2a9f,installment_missed,0,2022-09-29 15:50:17,
52d0b1cc-6936-4297-a343-ca55e72f7b13,0b80b71c-756b-4616-a41b-2647a18c2a9f,parcela_paga,2016.06,2022-11-03 15:50:17,
122f91aa-200e-4b62-a925-cca70e713e0c,c2199eec-1c3d-495b-bf4c-f05de11e826d,disbursement,26488.51,2020-12-27 22:33:24,
663b890d-c209-4388-820a-0a579c84ec3e,c2199eec-1c3d-495b-bf4c-f05de11e826d,PARCELA_PAGA,594.67,2021-01-29 22:33:24,
c5d99491-aa34-4d34-870c-70eaa1c7932d,c2199eec-1c3d-495b-bf4c-f05de11e826d,PARCELA_PAGA,594.67,2021-03-03 22:33:24,pagamento via débito automático
39efcc32-974f-446c-9b44-f3f0a3b4c75d,c2199eec-1c3d-495b-bf4c-f05de11e826d,PARCELA_PAGA,594.67,2021-04-01 22:33:24,pagamento via débito automático
5946dba8-b188-49a7-86ca-946cfed0e76f,c2199eec-1c3d-495b-bf4c-f05de11e826d,installment_paid,594.67,2021-04-29 22:33:24,pagamento via débito automático
994eb333-37d8-4a1d-a14f-38c0eb308a92,c2199eec-1c3d-495b-bf4c-f05de11e826d,parcela_paga,594.67,2021-05-28 22:33:24,
34bccc0b-878c-436f-b360-115d1bfdb1b6,c2199eec-1c3d-495b-bf4c-f05de11e826d,ATRASO,0,2021-06-30 22:33:24,pagamento via débito automático
c29f7da7-04a9-4cab-b336-a0a7cc2527ee,c2199eec-1c3d-495b-bf4c-f05de11e826d,parcela_paga,594.67,2021-07-31 22:33:24,
e5e9849b-fc32-4cb1-8640-f4944dd9deef,6828c7d2-e786-4fc7-9268-f4edec079f88,desembolso,98258.14,2021-02-14 02:47:19,
9c8dd7a3-3e53-4563-9b6a-74356084d700,6828c7d2-e786-4fc7-9268-f4edec079f88,PARCELA_PAGA,8662.27,2021-03-21 02:47:19,
f900ef53-cb72-4eb7-ae4b-23c9f6fe8248,6828c7d2-e786-4fc7-9268-f4edec079f88,installment_paid,8662.27,2021-04-20 02:47:19,
48074c6a-f624-4a24-909a-cfd1ad62e89d,6828c7d2-e786-4fc7-9268-f4edec079f88,PARCELA_PAGA,8662.27,2021-05-18 02:47:19,pagamento via débito automático
66fc6396-0bd4-4650-9536-679c1c33f70b,6828c7d2-e786-4fc7-9268-f4edec079f88,ATRASO,0,2021-06-17 02:47:19,atraso de 5 dias
4b8c6239-2d85-49a1-8b5a-646aa3200e8b,6828c7d2-e786-4fc7-9268-f4edec079f88,parcela_paga,8662.27,2021-07-16 02:47:19,pagamento via PIX
e3f752b4-79f1-46b0-a7b7-0ede64395d17,6828c7d2-e786-4fc7-9268-f4edec079f88,installment_paid,8662.27,2021-08-18 02:47:19,pagamento via PIX
bfb7572b-3f5a-4211-bd30-96da530b08fb,6828c7d2-e786-4fc7-9268-f4edec079f88,parcela_paga,8662.27,2021-09-21 02:47:19,pagamento via débito automático
938bc4b2-6311-4d7e-8ff2-e44a278eb934,6828c7d2-e786-4fc7-9268-f4edec079f88,installment_missed,0,2021-10-22 02:47:19,atraso de 5 dias
1b2d25e5-4a70-4e9d-800e-a0a916363011,6828c7d2-e786-4fc7-9268-f4edec079f88,PARCELA_PAGA,8662.27,2021-11-24 02:47:19,atraso de 5 dias
6b09e679-f5a9-4925-ae6a-250c3fd7d319,6828c7d2-e786-4fc7-9268-f4edec079f88,parcela_paga,8662.27,2021-12-22 02:47:19,
dff2c685-3c5b-4052-8a89-e04ac8f6d22e,6828c7d2-e786-4fc7-9268-f4edec079f88,parcela_paga,8662.27,2022-01-19 02:47:19,pagamento via PIX
024f09d2-753e-4891-aaf4-c56fd9098345,e8a61097-3621-42b9-a750-c35da32fd0b4,desembolso,93956.94,2020-07-12 23:17:07,
b6240789-5210-4ef6-bd71-860657da2e1f,e8a61097-3621-42b9-a750-c35da32fd0b4,PARCELA_PAGA,16403.32,2020-08-15 23:17:07,atraso de 5 dias
ace11a6c-4a8c-4552-882c-2f7577b2c6c2,e8a61097-3621-42b9-a750-c35da32fd0b4,installment_paid,16403.32,2020-09-17 23:17:07,pagamento via PIX
2e15c030-8e0b-497b-82c7-425f399bece1,e8a61097-3621-42b9-a750-c35da32fd0b4,installment_paid,16403.32,2020-10-15 23:17:07,
e3cbac8a-2445-4bae-9a04-5a71d7bb1981,e8a61097-3621-42b9-a750-c35da32fd0b4,PARCELA_PAGA,16403.32,2020-11-16 23:17:07,atraso de 5 dias
80d93aba-0651-45af-9711-420177a90a21,8435ef54-9247-4f43-9d7e-fa08d304a849,disbursement,18421.58,2023-01-25 09:43:25,
b7ad0e90-5073-4066-b394-6d0ca1b41340,8435ef54-9247-4f43-9d7e-fa08d304a849,parcela_paga,792.43,2023-02-27 09:43:25,pagamento via PIX
8873656d-b8ee-4beb-8b90-d5050d980cbc,8435ef54-9247-4f43-9d7e-fa08d304a849,parcela_atrasada,0,2023-03-29 09:43:25,pagamento via PIX
76bdc25f-fd9f-4299-a71a-777b4824b09d,8435ef54-9247-4f43-9d7e-fa08d304a849,installment_paid,792.43,2023-05-01 09:43:25,pagamento via PIX
f4744d3b-e7ee-4d67-8dae-e1bb3c6ea85e,8435ef54-9247-4f43-9d7e-fa08d304a849,PARCELA_PAGA,792.43,2023-06-04 09:43:25,atraso de 5 dias
97acc7cb-423c-4426-afa2-3ab1c59263dd,8435ef54-9247-4f43-9d7e-fa08d304a849,PARCELA_PAGA,792.43,2023-07-06 09:43:25,pagamento via débito automático
816e9d83-fb08-4e47-b648-846e9d1acc0d,8435ef54-9247-4f43-9d7e-fa08d304a849,installment_paid,792.43,2023-08-07 09:43:25,atraso de 5 dias
71efdd36-bd62-4b80-9a8b-57e7a26311ec,8435ef54-9247-4f43-9d7e-fa08d304a849,parcela_paga,792.43,2023-09-11 09:43:25,atraso de 5 dias
7fd6cf04-9f84-40dc-871c-73d1fd426f1c,53566cfd-0931-4737-b9d0-6af907c3d512,disbursement,56035.36,2023-06-24 13:36:32,
55417b40-e60f-4826-964f-e3c093228a97,53566cfd-0931-4737-b9d0-6af907c3d512,installment_paid,1240.37,2023-07-27 13:36:32,
22ae47fd-7859-4bbf-9488-20eb7944847b,53566cfd-0931-4737-b9d0-6af907c3d512,ATRASO,0,2023-08-25 13:36:32,atraso de 5 dias
2049c46b-3438-4a33-be55-5a10d159e38f,53566cfd-0931-4737-b9d0-6af907c3d512,PARCELA_PAGA,1240.37,2023-09-29 13:36:32,pagamento via PIX
cadb8278-43bc-4034-a0ed-c2144446ebb9,53566cfd-0931-4737-b9d0-6af907c3d512,installment_paid,1240.37,2023-10-28 13:36:32,pagamento via débito automático
baaa3574-344c-43ae-89b8-47f90297a297,53566cfd-0931-4737-b9d0-6af907c3d512,PARCELA_PAGA,1240.37,2023-12-02 13:36:32,pagamento via débito automático
f351a9ee-3abb-45d3-ae60-984b3003aa0c,53566cfd-0931-4737-b9d0-6af907c3d512,parcela_paga,1240.37,2024-01-06 13:36:32,pagamento via débito automático
57a2aa34-c08d-42d7-a03c-99d80d7f7863,74ffdfe1-2b65-4b5f-97ef-26aada42146e,disbursement,28595.23,2021-12-31 23:17:22,
55e1c6ce-8281-47c9-9a5f-f07a0287f7eb,74ffdfe1-2b65-4b5f-97ef-26aada42146e,PARCELA_PAGA,4908.37,2022-02-01 23:17:22,
717c4dfc-75c2-4acb-b766-fe953e375ecb,74ffdfe1-2b65-4b5f-97ef-26aada42146e,PARCELA_PAGA,4908.37,2022-03-05 23:17:22,
0d13c12f-0a9c-4d4c-aef0-8cf92b65074b,2fe2adf3-6c6d-47ed-bb66-95fd9e3c5f09,DESEMBOLSO,48764.81,2021-07-06 02:51:32,
f311cc94-8e77-4fe6-a83d-a381ad8166e4,2fe2adf3-6c6d-47ed-bb66-95fd9e3c5f09,installment_paid,2146.06,2021-08-05 02:51:32,pagamento via débito automático
722a58c6-6b7b-45cf-ab0e-3ec26a27a709,2fe2adf3-6c6d-47ed-bb66-95fd9e3c5f09,parcela_paga,2146.06,2021-09-02 02:51:32,pagamento via débito automático
a57e048a-1b62-4489-9d27-fe2ec6b70387,2fe2adf3-6c6d-47ed-bb66-95fd9e3c5f09,PARCELA_PAGA,2146.06,2021-10-07 02:51:32,atraso de 5 dias
58a08fe6-6e10-45ff-b9db-245a5d145634,2fe2adf3-6c6d-47ed-bb66-95fd9e3c5f09,PARCELA_PAGA,2146.06,2021-11-05 02:51:32,atraso de 5 dias
1d1cacd0-93b8-4af1-b5d9-151b5e3a6d3d,2fe2adf3-6c6d-47ed-bb66-95fd9e3c5f09,parcela_paga,2146.06,2021-12-05 02:51:32,pagamento via débito automático
15cba805-8fc4-4f78-9ae8-788dce0b51cf,2fe2adf3-6c6d-47ed-bb66-95fd9e3c5f09,installment_missed,0,2022-01-02 02:51:32,atraso de 5 dias
66eea515-e368-4f20-8984-2c84ce017736,2fe2adf3-6c6d-47ed-bb66-95fd9e3c5f09,parcela_paga,2146.06,2022-02-04 02:51:32,pagamento via PIX
deca7faf-2f1f-463d-944c-52f54d9616ef,2fe2adf3-6c6d-47ed-bb66-95fd9e3c5f09,PARCELA_PAGA,2146.06,2022-03-07 02:51:32,pagamento via débito automático
11ff2d81-0d50-4487-a899-3b0bd61e713c,2fe2adf3-6c6d-47ed-bb66-95fd9e3c5f09,PARCELA_PAGA,2146.06,2022-04-09 02:51:32,
9e53b539-f48a-448f-9a54-702969dd0e0c,2fe2adf3-6c6d-47ed-bb66-95fd9e3c5f09,installment_paid,2146.06,2022-05-07 02:51:32,
42b2c23d-78b5-4ed4-a0e8-899cdfbd987f,54c09537-e071-4acd-b26f-6d3cc4a74531,disbursement,87670.71,2024-02-17 17:13:26,
befff07c-7293-4f17-9a5f-ff4247120dcd,54c09537-e071-4acd-b26f-6d3cc4a74531,PARCELA_PAGA,3793.22,2024-03-16 17:13:26,
8887800a-1aa0-4d0e-911b-eb8bf553844c,54c09537-e071-4acd-b26f-6d3cc4a74531,PARCELA_PAGA,3793.22,2024-04-16 17:13:26,pagamento via PIX
5dcf43b8-72d5-4fa9-b358-3e1cf35d56b2,54c09537-e071-4acd-b26f-6d3cc4a74531,installment_paid,3793.22,2024-05-17 17:13:26,pagamento via PIX
1e67ab3d-33b0-4327-bc34-40b916236b28,54c09537-e071-4acd-b26f-6d3cc4a74531,installment_paid,3793.22,2024-06-20 17:13:26,pagamento via PIX
3aaaf796-cb4d-44b0-a470-311c1779b8ce,1372ecc1-3b94-475b-9f81-4effedacfc84,disbursement,62036.71,2024-06-08 23:51:28,
b23b42ea-c950-404c-92aa-522513e6dbef,1372ecc1-3b94-475b-9f81-4effedacfc84,parcela_paga,2746.68,2024-07-06 23:51:28,atraso de 5 dias
8933095c-aefd-46c5-aee9-c730452ae911,1372ecc1-3b94-475b-9f81-4effedacfc84,parcela_paga,2746.68,2024-08-07 23:51:28,pagamento via PIX
5a01cc0c-0ff0-401f-aa10-6217e322ed25,1372ecc1-3b94-475b-9f81-4effedacfc84,PARCELA_PAGA,2746.68,2024-09-07 23:51:28,
100d1311-fbfa-47b5-bb96-1d4a6eb1ea30,1372ecc1-3b94-475b-9f81-4effedacfc84,installment_paid,2746.68,2024-10-05 23:51:28,
09ececcf-d7e2-46ea-9933-9c8463d494a3,1372ecc1-3b94-475b-9f81-4effedacfc84,PARCELA_PAGA,2746.68,2024-11-09 23:51:28,pagamento via débito automático
0aea4c51-3f6f-44d2-8a2c-d8cb83dbffeb,1372ecc1-3b94-475b-9f81-4effedacfc84,parcela_paga,2746.68,2024-12-13 23:51:28,atraso de 5 dias
606c6973-f09a-43e0-99b3-0261c4d63e27,02eee6d3-b11b-427b-a173-ae4c43c850e5,DESEMBOLSO,50869.66,2020-08-16 02:58:22,
5aec5a1e-31e6-4195-a3d5-633f00c508df,02eee6d3-b11b-427b-a173-ae4c43c850e5,PARCELA_PAGA,2255.65,2020-09-13 02:58:22,pagamento via PIX
e3ba2666-7822-4f0d-acd7-28d7a8b82697,02eee6d3-b11b-427b-a173-ae4c43c850e5,installment_paid,2255.65,2020-10-17 02:58:22,pagamento via débito automático
63843ba8-0c2c-4e43-bc27-c0a979a90b55,02eee6d3-b11b-427b-a173-ae4c43c850e5,installment_paid,2255.65,2020-11-18 02:58:22,atraso de 5 dias
5ce6d62b-e71f-4744-b860-27dc528eaa04,02eee6d3-b11b-427b-a173-ae4c43c850e5,parcela_atrasada,0,2020-12-20 02:58:22,atraso de 5 dias
5bad0635-4328-40fa-b784-9331ad79183d,02eee6d3-b11b-427b-a173-ae4c43c850e5,installment_paid,2255.65,2021-01-22 02:58:22,
3df7aa36-e6b2-4012-9fab-8e766f5671fc,50992503-4036-42f1-9700-331f1bf81b17,DESEMBOLSO,25818.56,2022-05-27 16:30:11,
fed559c5-0b53-4400-8138-9f35190e4f0e,50992503-4036-42f1-9700-331f1bf81b17,parcela_atrasada,0,2022-06-26 16:30:11,pagamento via débito automático
5ab38da7-fc84-4c30-8f8a-55733746955a,50992503-4036-42f1-9700-331f1bf81b17,installment_paid,764.37,2022-07-27 16:30:11,pagamento via débito automático
2794a458-683c-4e1a-9ff0-cd4fc9d26719,50992503-4036-42f1-9700-331f1bf81b17,parcela_paga,764.37,2022-08-25 16:30:11,
28656ebb-8778-4089-b973-f5c5faa16cdb,50992503-4036-42f1-9700-331f1bf81b17,parcela_paga,764.37,2022-09-29 16:30:11,pagamento via débito automático
1d6ca0ba-480b-41e0-b640-2fc1d75f73b0,50992503-4036-42f1-9700-331f1bf81b17,parcela_paga,764.37,2022-10-29 16:30:11,pagamento via PIX
4c0986ca-4ed5-43b4-a5d9-173549e91d78,50992503-4036-42f1-9700-331f1bf81b17,PARCELA_PAGA,764.37,2022-11-30 16:30:11,pagamento via PIX
d5e03736-0a53-4e34-a069-1083497acc75,50992503-4036-42f1-9700-331f1bf81b17,PARCELA_PAGA,764.37,2023-01-03 16:30:11,
39283884-002c-4f9b-a401-a4d1df2fa39a,50992503-4036-42f1-9700-331f1bf81b17,installment_paid,764.37,2023-02-05 16:30:11,pagamento via PIX
9c6d7373-817f-4076-93e5-a101e5c62d2a,50992503-4036-42f1-9700-331f1bf81b17,PARCELA_PAGA,764.37,2023-03-06 16:30:11,atraso de 5 dias
56906106-c18f-480d-b6d8-d6b7770a8a2d,50992503-4036-42f1-9700-331f1bf81b17,installment_missed,0,2023-04-09 16:30:11,atraso de 5 dias
5838ce44-7086-488a-b919-3899133c2f56,50992503-4036-42f1-9700-331f1bf81b17,parcela_paga,764.37,2023-05-10 16:30:11,atraso de 5 dias
1982f525-3929-413c-892a-4e76bf1ca6d3,9cdb2c54-9286-42f8-8f5c-f5aeccc7f8a2,disbursement,68876.6,2022-01-18 20:25:31,
cc5f5d07-1371-4ee3-8869-29cf991fc2e4,9cdb2c54-9286-42f8-8f5c-f5aeccc7f8a2,PARCELA_PAGA,4081.7,2022-02-21 20:25:31,atraso de 5 dias
7ed2f408-9546-46da-b19f-c9a6fd5fdb53,9cdb2c54-9286-42f8-8f5c-f5aeccc7f8a2,PARCELA_PAGA,4081.7,2022-03-27 20:25:31,atraso de 5 dias
d51a506d-960e-41c2-8e13-ef23f6984004,9cdb2c54-9286-42f8-8f5c-f5aeccc7f8a2,installment_missed,0,2022-04-30 20:25:31,pagamento via débito automático
8b154407-a710-4dec-b8d7-1eaeb933f50f,9cdb2c54-9286-42f8-8f5c-f5aeccc7f8a2,installment_paid,4081.7,2022-05-28 20:25:31,pagamento via PIX
b9ff2c77-ca61-4667-98aa-a1d4833af33d,9cdb2c54-9286-42f8-8f5c-f5aeccc7f8a2,PARCELA_PAGA,4081.7,2022-06-27 20:25:31,pagamento via PIX
07ab824e-e33a-416d-89da-5e6daf9345cc,9cdb2c54-9286-42f8-8f5c-f5aeccc7f8a2,parcela_paga,4081.7,2022-07-30 20:25:31,atraso de 5 dias
13146435-61c9-4b30-8abf-6c235b9e9063,9cdb2c54-9286-42f8-8f5c-f5aeccc7f8a2,ATRASO,0,2022-09-01 20:25:31,atraso de 5 dias
76e99139-c7a7-4a61-a0ac-c4dcf2b05bca,9cdb2c54-9286-42f8-8f5c-f5aeccc7f8a2,installment_paid,4081.7,2022-10-01 20:25:31,atraso de 5 dias
0806f532-dd81-4945-b2dc-9db0d05c14d1,48d8e699-8e72-4b18-b885-2a4786bee507,disbursement,99610.74,2023-09-25 08:09:10,
7c2ba9e3-2760-43aa-b52c-841a9c893e83,48d8e699-8e72-4b18-b885-2a4786bee507,PARCELA_PAGA,5798.45,2023-10-28 08:09:10,pagamento via débito automático
1c063b18-9f89-45f4-bdd1-f46353666763,48d8e699-8e72-4b18-b885-2a4786bee507,parcela_paga,5798.45,2023-12-02 08:09:10,atraso de 5 dias
3cfe3677-463f-45d9-95f0-ee6748f964b1,48d8e699-8e72-4b18-b885-2a4786bee507,installment_missed,0,2024-01-03 08:09:10,atraso de 5 dias
efaf3100-cfdb-4f10-a6f8-354e0570f629,48d8e699-8e72-4b18-b885-2a4786bee507,PARCELA_PAGA,5798.45,2024-02-02 08:09:10,pagamento via débito automático
4d4169b4-c62a-419b-992a-eadd7564e170,48d8e699-8e72-4b18-b885-2a4786bee507,parcela_paga,5798.45,2024-03-01 08:09:10,pagamento via PIX
d8a9f49a-db5d-47c6-8cc5-46e8279bb334,48d8e699-8e72-4b18-b885-2a4786bee507,parcela_atrasada,0,2024-04-01 08:09:10,pagamento via débito automático
2fc99edc-f513-4460-b7dd-fa7c11a68229,48d8e699-8e72-4b18-b885-2a4786bee507,parcela_paga,5798.45,2024-05-02 08:09:10,
30d8a4dd-6df9-49cb-9c56-d3cfec4f79c2,48d8e699-8e72-4b18-b885-2a4786bee507,installment_paid,5798.45,2024-05-31 08:09:10,pagamento via PIX
02ba8afd-13ca-41cc-864b-a0648fee48a1,48d8e699-8e72-4b18-b885-2a4786bee507,PARCELA_PAGA,5798.45,2024-06-28 08:09:10,pagamento via PIX
5d0efaee-5efc-45d5-ad84-62875cf8c619,48d8e699-8e72-4b18-b885-2a4786bee507,PARCELA_PAGA,5798.45,2024-07-31 08:09:10,pagamento via PIX
58d124cf-0e49-4650-b96a-1726233e75bc,48d8e699-8e72-4b18-b885-2a4786bee507,PARCELA_PAGA,5798.45,2024-08-30 08:09:10,pagamento via débito automático
d082219d-29f0-4864-845b-cdd8f8a1b249,48d8e699-8e72-4b18-b885-2a4786bee507,parcela_paga,5798.45,2024-10-03 08:09:10,pagamento via PIX
31565bbc-a8a9-44b6-a834-8468f2c79d80,627f29bf-e85d-407c-9bff-81e4f43bc2e2,DESEMBOLSO,20092.88,2021-07-10 14:45:33,
82ba8557-9952-41ff-abcd-ea27460ce6e7,627f29bf-e85d-407c-9bff-81e4f43bc2e2,PARCELA_PAGA,1180.57,2021-08-10 14:45:33,
8972c947-d310-4a91-9534-86dd6482107a,627f29bf-e85d-407c-9bff-81e4f43bc2e2,PARCELA_PAGA,1180.57,2021-09-10 14:45:33,atraso de 5 dias
a5a5d0d1-d888-4f82-8efa-e635e6053d4a,627f29bf-e85d-407c-9bff-81e4f43bc2e2,parcela_paga,1180.57,2021-10-14 14:45:33,pagamento via débito automático
b3ed6b36-69ce-4cc2-86a7-f6ec99e4b892,627f29bf-e85d-407c-9bff-81e4f43bc2e2,installment_paid,1180.57,2021-11-16 14:45:33,atraso de 5 dias
60dc3784-b9dd-4db2-b0f2-7fcfdc1473aa,627f29bf-e85d-407c-9bff-81e4f43bc2e2,ATRASO,0,2021-12-18 14:45:33,pagamento via débito automático
535d88d4-7be7-4428-8850-040941d648d5,627f29bf-e85d-407c-9bff-81e4f43bc2e2,PARCELA_PAGA,1180.57,2022-01-20 14:45:33,
8ea1a039-c73f-489c-bbb6-03a5c68742be,627f29bf-e85d-407c-9bff-81e4f43bc2e2,installment_paid,1180.57,2022-02-18 14:45:33,
f6f6c61a-ad58-4db1-8919-b75f616c27bb,627f29bf-e85d-407c-9bff-81e4f43bc2e2,PARCELA_PAGA,1180.57,2022-03-24 14:45:33,pagamento via PIX
31c56931-2c89-4b97-b122-2c2b20286b9b,627f29bf-e85d-407c-9bff-81e4f43bc2e2,parcela_paga,1180.57,2022-04-28 14:45:33,pagamento via débito automático
50642a07-62ca-4222-9005-fc9296d29ae5,627f29bf-e85d-407c-9bff-81e4f43bc2e2,installment_paid,1180.57,2022-06-01 14:45:33,pagamento via PIX
0ed2b760-e103-41bf-ba7b-b90aadeee5f5,93456382-7dfb-4532-b48f-7e667ab615a2,DESEMBOLSO,14601.43,2024-04-09 03:31:37,
85b8bb57-6078-4ae2-aba5-6f875c26c340,93456382-7dfb-4532-b48f-7e667ab615a2,parcela_atrasada,0,2024-05-07 03:31:37,pagamento via débito automático
ffe786da-947d-4974-8fb5-09e9088643dc,93456382-7dfb-4532-b48f-7e667ab615a2,installment_paid,853.21,2024-06-11 03:31:37,
a6626b0b-200d-4715-8435-a3621482e078,93456382-7dfb-4532-b48f-7e667ab615a2,installment_paid,853.21,2024-07-14 03:31:37,pagamento via débito automático
01090f61-7325-4cd8-939f-0aab8739db56,93456382-7dfb-4532-b48f-7e667ab615a2,installment_paid,853.21,2024-08-11 03:31:37,atraso de 5 dias
d372d8ff-7c92-40de-8766-9a091176675b,93456382-7dfb-4532-b48f-7e667ab615a2,parcela_paga,853.21,2024-09-10 03:31:37,
fdf72f84-a447-48b8-b109-dcf7ff253edc,93456382-7dfb-4532-b48f-7e667ab615a2,installment_paid,853.21,2024-10-13 03:31:37,
79160100-be09-41d8-a09d-ca3d7bb76f32,93456382-7dfb-4532-b48f-7e667ab615a2,installment_paid,853.21,2024-11-14 03:31:37,atraso de 5 dias
d9817082-03a8-4736-a8fe-0bda53ac8b77,93456382-7dfb-4532-b48f-7e667ab615a2,installment_paid,853.21,2024-12-14 03:31:37,pagamento via PIX
b181faa8-ec3d-42c0-875b-8eb13b63fe68,86553186-45ed-41c7-aa9b-761120c46527,desembolso,69174.17,2021-10-09 10:27:26,
d0a71cb6-54a3-41b6-9cb0-edf57e8ab63d,86553186-45ed-41c7-aa9b-761120c46527,PARCELA_PAGA,11823.02,2021-11-09 10:27:26,
d001328c-957a-497f-a590-d76d156c92fb,86553186-45ed-41c7-aa9b-761120c46527,installment_paid,11823.02,2021-12-09 10:27:26,pagamento via débito automático
a51c64f0-d4d1-4b71-aeae-61d49d65a1b8,86553186-45ed-41c7-aa9b-761120c46527,parcela_paga,11823.02,2022-01-12 10:27:26,
f781551d-1169-4238-815c-93a3d3336154,86553186-45ed-41c7-aa9b-761120c46527,parcela_atrasada,0,2022-02-13 10:27:26,atraso de 5 dias
047c3a7c-ba88-4cc7-99b1-9201305c3f64,86553186-45ed-41c7-aa9b-761120c46527,installment_paid,11823.02,2022-03-18 10:27:26,pagamento via PIX
5ba0c538-09ff-4689-950e-59960c7f20bd,91c0f147-1a78-4653-826f-14c71ac034e9,DESEMBOLSO,7489.03,2019-12-04 04:56:18,
9534b3d3-5b77-41ed-b9c5-0411e52f9700,91c0f147-1a78-4653-826f-14c71ac034e9,parcela_paga,645.43,2020-01-08 04:56:18,pagamento via débito automático
fe3d8d3a-4a94-409d-830e-8250e333575f,85a4cb11-3a93-4a28-93d6-ec2049dfc9f3,disbursement,74012.62,2022-06-21 01:54:37,
a5f8e535-6054-4903-ad1b-542320c723c1,85a4cb11-3a93-4a28-93d6-ec2049dfc9f3,PARCELA_PAGA,6366.94,2022-07-19 01:54:37,
84815986-a78f-4e4e-9a31-f16f9fc807a8,85a4cb11-3a93-4a28-93d6-ec2049dfc9f3,parcela_paga,6366.94,2022-08-20 01:54:37,
230e1f82-7228-445c-9b43-ddb4e768a4bd,85a4cb11-3a93-4a28-93d6-ec2049dfc9f3,parcela_paga,6366.94,2022-09-17 01:54:37,atraso de 5 dias
8b1aaa80-d216-48ff-931a-589ad482767b,85a4cb11-3a93-4a28-93d6-ec2049dfc9f3,ATRASO,0,2022-10-22 01:54:37,pagamento via débito automático
636fca87-df2d-4485-9243-90a8c066af41,85a4cb11-3a93-4a28-93d6-ec2049dfc9f3,installment_paid,6366.94,2022-11-22 01:54:37,pagamento via débito automático
61a7c959-c0e9-406e-8814-dc7bb0cdb106,85a4cb11-3a93-4a28-93d6-ec2049dfc9f3,PARCELA_PAGA,6366.94,2022-12-22 01:54:37,atraso de 5 dias
91e744bc-bcae-411d-8b65-3d3363d5f7ec,85a4cb11-3a93-4a28-93d6-ec2049dfc9f3,PARCELA_PAGA,6366.94,2023-01-22 01:54:37,pagamento via PIX
79f46252-cff7-4f78-ae07-2fcd76b43b90,85a4cb11-3a93-4a28-93d6-ec2049dfc9f3,parcela_paga,6366.94,2023-02-23 01:54:37,atraso de 5 dias
25a89c26-ce71-4672-8b89-0d7a9e9dff94,eec1c1c8-d708-49ea-96e8-96a32b7f9dfc,DESEMBOLSO,13600.11,2021-06-22 10:19:35,
c110869a-cf0a-48c9-83c4-a83acf10a09e,eec1c1c8-d708-49ea-96e8-96a32b7f9dfc,PARCELA_PAGA,1178.68,2021-07-22 10:19:35,atraso de 5 dias
535d93f0-f65c-419b-b731-ba5f8fd167bf,eec1c1c8-d708-49ea-96e8-96a32b7f9dfc,installment_paid,1178.68,2021-08-20 10:19:35,pagamento via débito automático
10b31167-4649-42bc-9f60-8f34611aa4e5,5dbe94d1-8af1-4eef-9d0c-460b2db27d7f,desembolso,58429.68,2023-10-04 04:38:17,
9ac6ad79-e6db-4aab-a830-854ed615e8ed,5dbe94d1-8af1-4eef-9d0c-460b2db27d7f,installment_paid,1738.12,2023-11-02 04:38:17,
06c068be-8d23-48a7-ae0c-4c7a01add259,5dbe94d1-8af1-4eef-9d0c-460b2db27d7f,parcela_paga,1738.12,2023-12-03 04:38:17,pagamento via débito automático
2104625b-94ee-4020-89f6-bfbae3bcee91,5dbe94d1-8af1-4eef-9d0c-460b2db27d7f,PARCELA_PAGA,1738.12,2023-12-31 04:38:17,pagamento via PIX
594df086-008c-4f8f-97ba-f575e937f809,66dbe056-9d2d-41f6-b2da-a269446b3017,desembolso,50920.41,2022-03-27 06:13:45,
ef9d4ad1-ca02-41c1-a69e-09277f3c3822,66dbe056-9d2d-41f6-b2da-a269446b3017,parcela_paga,2285.9,2022-04-24 06:13:45,
aa599da0-6378-4d1b-969a-b6c1879bf4be,66dbe056-9d2d-41f6-b2da-a269446b3017,PARCELA_PAGA,2285.9,2022-05-24 06:13:45,pagamento via débito automático
cc2cfbad-13ab-4e0e-872c-43794b09eaf5,66dbe056-9d2d-41f6-b2da-a269446b3017,installment_paid,2285.9,2022-06-26 06:13:45,
40535ed9-c176-4fc2-8e11-fa2b02494b50,7b8a3532-eb0f-4a86-8126-4f9bb3532484,desembolso,94944.56,2024-01-04 23:05:26,
808fac29-0fce-4740-add5-54f0a58d31f4,7b8a3532-eb0f-4a86-8126-4f9bb3532484,installment_paid,16949.19,2024-02-07 23:05:26,pagamento via PIX
f7abbf41-c4e7-47f7-b68f-af57274b5d0a,990af88a-9395-4313-94f1-688033f58b50,DESEMBOLSO,60205.96,2021-02-16 08:12:25,
cdce0341-9b7a-42da-ada7-c391bdf1ebac,990af88a-9395-4313-94f1-688033f58b50,parcela_paga,1277.12,2021-03-20 08:12:25,atraso de 5 dias
41a131c5-17b0-4e61-aa87-d4f711f997a8,990af88a-9395-4313-94f1-688033f58b50,parcela_paga,1277.12,2021-04-18 08:12:25,
3181f582-2cf3-4c3f-8ea0-6ba5143e8d3c,990af88a-9395-4313-94f1-688033f58b50,parcela_paga,1277.12,2021-05-16 08:12:25,pagamento via débito automático
a9b6a945-9e27-41b2-89f4-d0bf14a3c30a,990af88a-9395-4313-94f1-688033f58b50,installment_paid,1277.12,2021-06-20 08:12:25,pagamento via débito automático
cb736288-eae6-45c4-903a-e363983b846a,990af88a-9395-4313-94f1-688033f58b50,installment_paid,1277.12,2021-07-23 08:12:25,
551a69b2-ee3b-4fef-beb7-65521235d6d0,19557099-7fcb-42e3-8bc5-6d9078a29035,desembolso,84870.67,2022-08-21 10:42:30,
068ebbd0-bae8-44db-a67f-e84874d45e17,19557099-7fcb-42e3-8bc5-6d9078a29035,parcela_paga,3714.86,2022-09-23 10:42:30,
d4fbb58a-3882-4cc7-b13d-6c3fe6a2beea,19557099-7fcb-42e3-8bc5-6d9078a29035,installment_paid,3714.86,2022-10-21 10:42:30,atraso de 5 dias
ceca337c-4251-4798-8acf-6579315c5baa,19557099-7fcb-42e3-8bc5-6d9078a29035,parcela_paga,3714.86,2022-11-21 10:42:30,pagamento via PIX
5da17308-7f84-404e-896f-eddb1c8614da,19557099-7fcb-42e3-8bc5-6d9078a29035,PARCELA_PAGA,3714.86,2022-12-25 10:42:30,atraso de 5 dias
5497028a-ba9f-441c-8f09-894d7990d002,2ed9ead0-f988-4e7b-b2e6-bce4aad1d898,DESEMBOLSO,88586.17,2022-09-03 13:07:30,
916f7bc7-9d95-4e1c-adf2-1c1dc24f57a7,2ed9ead0-f988-4e7b-b2e6-bce4aad1d898,PARCELA_PAGA,5093.21,2022-10-01 13:07:30,atraso de 5 dias
69908ca8-a544-4050-91d3-28f19b7d92de,2ed9ead0-f988-4e7b-b2e6-bce4aad1d898,installment_paid,5093.21,2022-11-01 13:07:30,pagamento via PIX
47096b89-617c-4810-b3d0-2079ceb6b1f5,2ed9ead0-f988-4e7b-b2e6-bce4aad1d898,installment_paid,5093.21,2022-12-05 13:07:30,atraso de 5 dias
e2d1da85-0dfe-45f8-8fee-cf80659fb035,2ed9ead0-f988-4e7b-b2e6-bce4aad1d898,parcela_paga,5093.21,2023-01-06 13:07:30,pagamento via PIX
e7a606c4-3d63-4279-bb6b-3cb01dcbc858,2ed9ead0-f988-4e7b-b2e6-bce4aad1d898,installment_paid,5093.21,2023-02-07 13:07:30,pagamento via débito automático
b0eff366-e6f9-4881-b632-2348b75a06c3,2ed9ead0-f988-4e7b-b2e6-bce4aad1d898,PARCELA_PAGA,5093.21,2023-03-12 13:07:30,atraso de 5 dias
4c9a5b08-27ec-42ed-9bdf-6bf7c6a236c6,2ed9ead0-f988-4e7b-b2e6-bce4aad1d898,parcela_paga,5093.21,2023-04-12 13:07:30,pagamento via PIX
2ae5687a-a77a-45ab-8063-99ea9caa671a,2ed9ead0-f988-4e7b-b2e6-bce4aad1d898,PARCELA_PAGA,5093.21,2023-05-11 13:07:30,atraso de 5 dias
2c65a177-c69e-47ef-ac33-bd3b5b95ab99,3b6c5331-0354-4b0c-ab9c-ea6f53444d69,DESEMBOLSO,57319.26,2024-02-29 18:23:58,
1eade865-ceef-44df-aa67-c105e449446a,3b6c5331-0354-4b0c-ab9c-ea6f53444d69,installment_paid,1244.43,2024-03-28 18:23:58,pagamento via débito automático
9a5a1203-e8ae-495c-ac5f-3410fbeeed59,bec484f8-7374-4283-bad7-b8df59195c0a,disbursement,70828.57,2020-06-10 05:36:53,
bb25a953-f15d-4661-a9bf-9aa2f34ecdc3,bec484f8-7374-4283-bad7-b8df59195c0a,ATRASO,0,2020-07-10 05:36:53,pagamento via débito automático
395bf4ac-f0c1-429a-a587-f426f19b7ceb,bec484f8-7374-4283-bad7-b8df59195c0a,parcela_paga,4117.11,2020-08-09 05:36:53,pagamento via PIX
4bf54c72-27b3-4550-be1a-2cb42b89e6e9,bec484f8-7374-4283-bad7-b8df59195c0a,PARCELA_PAGA,4117.11,2020-09-07 05:36:53,pagamento via PIX
45daeb57-0644-4ad2-a863-e7a8a9eae009,bec484f8-7374-4283-bad7-b8df59195c0a,installment_paid,4117.11,2020-10-12 05:36:53,pagamento via PIX
1a2de8bb-11d6-4f80-bfdd-94ba447f06d3,bec484f8-7374-4283-bad7-b8df59195c0a,parcela_paga,4117.11,2020-11-12 05:36:53,pagamento via débito automático
417c3db2-3031-4ee6-ad40-487446838e47,51dc11fc-6213-4cd8-8a48-0f81d006dbac,desembolso,48982.62,2019-12-22 09:09:59,
48499f24-fe05-4929-a0ff-a89d2b2888a1,51dc11fc-6213-4cd8-8a48-0f81d006dbac,parcela_atrasada,0,2020-01-26 09:09:59,pagamento via débito automático
9e147ce8-a24a-498f-8353-50a287052da0,51dc11fc-6213-4cd8-8a48-0f81d006dbac,installment_paid,2840.72,2020-03-01 09:09:59,pagamento via débito automático
61174392-e6d9-4cd3-a6ab-a9b27a1d03e0,51dc11fc-6213-4cd8-8a48-0f81d006dbac,parcela_atrasada,0,2020-03-30 09:09:59,pagamento via PIX
b64d6495-f000-44e8-ab82-c7099259264e,b3f78f75-3fab-4d2c-b154-fc1ae83d1cd8,desembolso,64199.05,2020-08-24 19:09:10,
bd5cb3e9-b75f-42d6-a2ee-8648ebc2b658,b3f78f75-3fab-4d2c-b154-fc1ae83d1cd8,parcela_paga,1371.45,2020-09-25 19:09:10,pagamento via PIX
a9a2ea06-5fb8-495f-91bc-1f3eb7f174c9,b3f78f75-3fab-4d2c-b154-fc1ae83d1cd8,PARCELA_PAGA,1371.45,2020-10-23 19:09:10,pagamento via PIX
5224e3b6-8f3b-4128-a807-e0fc4613aee1,c699bbb5-8967-458c-8239-9a7aeaf1cea6,DESEMBOLSO,20615.52,2022-03-16 17:59:13,
3de9a4e7-a1f0-431b-9f58-145470a0bde2,c699bbb5-8967-458c-8239-9a7aeaf1cea6,installment_paid,583.42,2022-04-19 17:59:13,
5508e518-e25e-4780-933f-9c167ad1eb90,c699bbb5-8967-458c-8239-9a7aeaf1cea6,PARCELA_PAGA,583.42,2022-05-17 17:59:13,pagamento via débito automático
bb79e648-720a-4274-abad-131a9f1785a1,c699bbb5-8967-458c-8239-9a7aeaf1cea6,PARCELA_PAGA,583.42,2022-06-18 17:59:13,atraso de 5 dias
d6c38268-72ce-4da8-942d-847ce3786adb,c699bbb5-8967-458c-8239-9a7aeaf1cea6,installment_paid,583.42,2022-07-22 17:59:13,pagamento via débito automático
8ae66ae9-c5fb-495e-871c-71f000c670f3,c699bbb5-8967-458c-8239-9a7aeaf1cea6,parcela_paga,583.42,2022-08-25 17:59:13,pagamento via PIX
a601ad37-1f05-430a-9cc7-2c12d1e4d8d0,c699bbb5-8967-458c-8239-9a7aeaf1cea6,installment_paid,583.42,2022-09-25 17:59:13,pagamento via débito automático
b18336cb-7d30-4c36-8e02-567d6b27dfb2,c699bbb5-8967-458c-8239-9a7aeaf1cea6,parcela_paga,583.42,2022-10-28 17:59:13,pagamento via PIX
cc7422bc-28cd-4f29-9c99-e1cf46bdcd90,c699bbb5-8967-458c-8239-9a7aeaf1cea6,PARCELA_PAGA,583.42,2022-11-30 17:59:13,atraso de 5 dias
aa3b87b3-c08d-4dfb-bc73-f1e51b5317fa,4e1074ef-3c16-4d21-8ab5-4ccf35839e9d,desembolso,17351.57,2021-09-11 12:36:48,
7b104be5-d888-4096-b476-7a948e67a2a0,4e1074ef-3c16-4d21-8ab5-4ccf35839e9d,parcela_paga,1515.95,2021-10-16 12:36:48,atraso de 5 dias
bafc754d-1cc0-4b95-858a-f28709114d76,4e1074ef-3c16-4d21-8ab5-4ccf35839e9d,PARCELA_PAGA,1515.95,2021-11-16 12:36:48,atraso de 5 dias
81198a12-7158-4bb4-a146-f6ae3da4052c,4e1074ef-3c16-4d21-8ab5-4ccf35839e9d,parcela_paga,1515.95,2021-12-16 12:36:48,pagamento via PIX
f0c0ef5f-b79d-43f9-810d-943773b505af,4e1074ef-3c16-4d21-8ab5-4ccf35839e9d,installment_paid,1515.95,2022-01-20 12:36:48,pagamento via débito automático
57480c3f-7a1e-46f5-874f-b30e56790b39,4e1074ef-3c16-4d21-8ab5-4ccf35839e9d,PARCELA_PAGA,1515.95,2022-02-21 12:36:48,atraso de 5 dias
5ae58d9c-7620-457e-af6d-5ec05f571ff5,4e1074ef-3c16-4d21-8ab5-4ccf35839e9d,PARCELA_PAGA,1515.95,2022-03-27 12:36:48,
4b1fbdcb-dcd1-4728-80e1-c60aa80fb283,bba79f27-9ea0-4983-aa0d-543f4af8f5c6,disbursement,93796.77,2023-10-01 12:05:34,
109196bb-a580-407a-8a22-b1b7fb50b5db,bba79f27-9ea0-4983-aa0d-543f4af8f5c6,installment_paid,2024.25,2023-10-31 12:05:34,atraso de 5 dias
bb0045e9-b530-4bdd-b662-71cdfbf22639,bba79f27-9ea0-4983-aa0d-543f4af8f5c6,installment_paid,2024.25,2023-12-05 12:05:34,pagamento via débito automático
f2394516-31ed-42c4-8068-c1b3a71d1538,bba79f27-9ea0-4983-aa0d-543f4af8f5c6,installment_paid,2024.25,2024-01-06 12:05:34,pagamento via PIX
a33eb6f0-2c91-48fd-b307-53b6492cc967,bba79f27-9ea0-4983-aa0d-543f4af8f5c6,installment_paid,2024.25,2024-02-03 12:05:34,pagamento via PIX
5dcbb00c-dbc0-431a-80ff-8c9501c3647a,bba79f27-9ea0-4983-aa0d-543f4af8f5c6,PARCELA_PAGA,2024.25,2024-03-03 12:05:34,pagamento via PIX
a2b6b439-819e-42f5-9196-93e5f748ac63,bba79f27-9ea0-4983-aa0d-543f4af8f5c6,parcela_paga,2024.25,2024-04-06 12:05:34,pagamento via PIX
d103f20c-fbff-42ed-a194-41ea20309df7,bba79f27-9ea0-4983-aa0d-543f4af8f5c6,ATRASO,0,2024-05-08 12:05:34,pagamento via débito automático
1c11c82e-180e-4b75-9ac5-e4bf2a003319,e7ed787b-7698-430f-bc07-4340dd69b0e9,disbursement,69844.92,2022-08-20 07:34:01,
152e83dc-c877-40ae-8bdc-89bb0cd6bc21,e7ed787b-7698-430f-bc07-4340dd69b0e9,installment_paid,12007.51,2022-09-21 07:34:01,
d79e7d19-bd9f-4a21-afa2-74f0cda1060d,e7ed787b-7698-430f-bc07-4340dd69b0e9,parcela_paga,12007.51,2022-10-21 07:34:01,atraso de 5 dias
93d4635f-c714-451b-af68-b192868f1c92,6628c625-ccb3-40fb-9720-f955cbab132c,disbursement,96590.06,2023-02-14 19:35:51,
6ec085de-1d5b-47fe-90c8-087ffffd0e24,6628c625-ccb3-40fb-9720-f955cbab132c,parcela_paga,8509.58,2023-03-16 19:35:51,
079e74f7-7464-4167-84fd-a0284c4b5189,6628c625-ccb3-40fb-9720-f955cbab132c,installment_paid,8509.58,2023-04-19 19:35:51,pagamento via PIX
ab95e2dd-988f-4543-83f0-f6956ba58c11,6628c625-ccb3-40fb-9720-f955cbab132c,ATRASO,0,2023-05-19 19:35:51,pagamento via débito automático
be26c172-29ee-40b9-8697-37d6edf2458c,3c0d8d4f-0ace-4366-8748-a16e2924e206,DESEMBOLSO,24805.57,2020-10-16 02:59:12,
20bf3ebc-6358-47fc-8d4b-4ed25be8e840,3c0d8d4f-0ace-4366-8748-a16e2924e206,PARCELA_PAGA,2112.61,2020-11-16 02:59:12,
8a082d8b-f4d7-4f91-8fac-560d5076e76f,3c0d8d4f-0ace-4366-8748-a16e2924e206,installment_missed,0,2020-12-16 02:59:12,
0e59b428-78af-42a4-8a24-5931adb55ae2,3c0d8d4f-0ace-4366-8748-a16e2924e206,installment_paid,2112.61,2021-01-15 02:59:12,atraso de 5 dias
50126dbb-05d4-4cf7-bcc2-a22ecec713b2,3c0d8d4f-0ace-4366-8748-a16e2924e206,parcela_paga,2112.61,2021-02-19 02:59:12,pagamento via débito automático
86e4a994-9d5f-428f-a3db-aa39ed0279ff,3c0d8d4f-0ace-4366-8748-a16e2924e206,parcela_paga,2112.61,2021-03-24 02:59:12,
c259a2af-ec4e-49a5-afcc-dc403f7389ae,3c0d8d4f-0ace-4366-8748-a16e2924e206,PARCELA_PAGA,2112.61,2021-04-28 02:59:12,atraso de 5 dias
3a748e9a-f688-4666-b4f6-16f534a88318,3c0d8d4f-0ace-4366-8748-a16e2924e206,parcela_atrasada,0,2021-05-26 02:59:12,
5a35f275-8905-44f4-9fab-a9615ea48aaf,3c0d8d4f-0ace-4366-8748-a16e2924e206,PARCELA_PAGA,2112.61,2021-06-24 02:59:12,pagamento via PIX
116b2a90-7652-4b9b-bdb1-5b4b3ab2717c,3c0d8d4f-0ace-4366-8748-a16e2924e206,parcela_paga,2112.61,2021-07-25 02:59:12,pagamento via PIX
7fa89ba0-899d-4b0c-adc7-f0f5ace5c5e8,3c0d8d4f-0ace-4366-8748-a16e2924e206,PARCELA_PAGA,2112.61,2021-08-26 02:59:12,pagamento via débito automático
51feff9f-218b-4623-97d9-f032b855d898,3c0d8d4f-0ace-4366-8748-a16e2924e206,parcela_paga,2112.61,2021-09-30 02:59:12,pagamento via PIX
b3567ac0-4c43-4c77-a029-d1ac09fbc8ec,44edcd4b-9b60-480f-a8af-18731c1fc2f0,disbursement,29183.14,2023-01-19 03:07:29,
38d751f0-a556-4843-b4bc-9d8cfbdd8ad6,44edcd4b-9b60-480f-a8af-18731c1fc2f0,installment_missed,0,2023-02-23 03:07:29,pagamento via débito automático
d5493c6f-a7d2-40d0-844d-c6cd72c37b34,44edcd4b-9b60-480f-a8af-18731c1fc2f0,PARCELA_PAGA,1276.15,2023-03-25 03:07:29,
307d9c67-fb8d-4d7e-85a4-97a08bd59220,44edcd4b-9b60-480f-a8af-18731c1fc2f0,installment_paid,1276.15,2023-04-22 03:07:29,
222c5fc9-ed42-4aa0-8689-c5098befee1c,44edcd4b-9b60-480f-a8af-18731c1fc2f0,installment_paid,1276.15,2023-05-23 03:07:29,
decfd9f8-5216-42de-abf9-b708be3ffc0f,44edcd4b-9b60-480f-a8af-18731c1fc2f0,parcela_paga,1276.15,2023-06-22 03:07:29,
386bdcad-7eb0-4894-b3ba-753ef8842257,44edcd4b-9b60-480f-a8af-18731c1fc2f0,parcela_paga,1276.15,2023-07-26 03:07:29,
388f59c3-7356-4562-82f3-be0f964d8031,44edcd4b-9b60-480f-a8af-18731c1fc2f0,installment_paid,1276.15,2023-08-28 03:07:29,pagamento via débito automático
d4d287d6-4723-438d-85d9-14402a7c8923,44edcd4b-9b60-480f-a8af-18731c1fc2f0,parcela_paga,1276.15,2023-09-27 03:07:29,pagamento via débito automático
843cb2b4-a1e8-42e9-8995-320696644115,44edcd4b-9b60-480f-a8af-18731c1fc2f0,PARCELA_PAGA,1276.15,2023-10-27 03:07:29,pagamento via débito automático
959604c4-83d5-47be-94c7-00cd14a11f27,44edcd4b-9b60-480f-a8af-18731c1fc2f0,PARCELA_PAGA,1276.15,2023-12-01 03:07:29,pagamento via débito automático
be592ab9-7caa-4dd9-bc85-b38400cb7d98,44edcd4b-9b60-480f-a8af-18731c1fc2f0,parcela_paga,1276.15,2023-12-29 03:07:29,pagamento via débito automático
0cd32048-cdd4-43d1-8cf5-21f2825e0cb1,44edcd4b-9b60-480f-a8af-18731c1fc2f0,installment_missed,0,2024-01-27 03:07:29,pagamento via PIX
fe5752f1-36e5-4450-8900-9167a646074c,0a62912a-49f3-4181-9614-2618c2116bab,desembolso,72829.12,2020-10-14 05:56:24,
71fe4f83-a8bf-44c7-980b-2e7bb7e8533c,0a62912a-49f3-4181-9614-2618c2116bab,installment_paid,1557.63,2020-11-12 05:56:24,
10b8c5c5-70da-43b6-80a2-24732dbd14c5,0a62912a-49f3-4181-9614-2618c2116bab,PARCELA_PAGA,1557.63,2020-12-11 05:56:24,atraso de 5 dias
f7c8f931-1e04-4a72-b7fe-45bdd039cc0f,0a62912a-49f3-4181-9614-2618c2116bab,parcela_paga,1557.63,2021-01-10 05:56:24,pagamento via débito automático
1244b027-0d90-4786-a137-c0297634af7a,0a62912a-49f3-4181-9614-2618c2116bab,parcela_atrasada,0,2021-02-12 05:56:24,atraso de 5 dias
91d83ea0-f5da-4005-afe5-8e004ee0bbee,0a62912a-49f3-4181-9614-2618c2116bab,PARCELA_PAGA,1557.63,2021-03-16 05:56:24,atraso de 5 dias
d13fe615-74d2-4934-8dfc-804e6faaa8ad,0a62912a-49f3-4181-9614-2618c2116bab,parcela_paga,1557.63,2021-04-16 05:56:24,pagamento via débito automático
b62e7284-6b34-4f33-b5f2-df77fc27f5ff,0a62912a-49f3-4181-9614-2618c2116bab,PARCELA_PAGA,1557.63,2021-05-14 05:56:24,
13f469dd-854c-4269-8a1d-c3c8e7f384a2,0a62912a-49f3-4181-9614-2618c2116bab,PARCELA_PAGA,1557.63,2021-06-18 05:56:24,pagamento via débito automático
e1a33f28-ffe9-43ca-8700-eba8e69102e7,0a62912a-49f3-4181-9614-2618c2116bab,installment_paid,1557.63,2021-07-16 05:56:24,
5ef073ba-0bf2-4972-9ff3-80ee44df0d0f,0a62912a-49f3-4181-9614-2618c2116bab,parcela_paga,1557.63,2021-08-18 05:56:24,pagamento via PIX
34f7b7a4-bb6b-4d5c-9882-baf522036df6,0a62912a-49f3-4181-9614-2618c2116bab,installment_missed,0,2021-09-16 05:56:24,
fdc4f842-f31c-4869-a0bf-e64ae933afe0,0a62912a-49f3-4181-9614-2618c2116bab,PARCELA_PAGA,1557.63,2021-10-21 05:56:24,
87958a92-33dc-4210-a00f-2bf8ab05fb2e,94bfe5a5-ac33-421d-8522-e32079fa54ff,desembolso,53234.16,2022-08-26 09:26:59,
a53a7e3d-4f27-4e91-9b50-2124c99fe3ac,94bfe5a5-ac33-421d-8522-e32079fa54ff,installment_paid,4658.43,2022-09-27 09:26:59,atraso de 5 dias
2ad6d546-154d-467f-8137-14fc419f51e0,94bfe5a5-ac33-421d-8522-e32079fa54ff,installment_paid,4658.43,2022-10-25 09:26:59,pagamento via débito automático
ee631170-6b8c-459e-be7c-ff5bba3c1aa5,94bfe5a5-ac33-421d-8522-e32079fa54ff,PARCELA_PAGA,4658.43,2022-11-22 09:26:59,pagamento via PIX
cf6da102-1bbe-41b3-a640-df1ec878f5a3,94bfe5a5-ac33-421d-8522-e32079fa54ff,PARCELA_PAGA,4658.43,2022-12-24 09:26:59,pagamento via débito automático
888cc327-3ae2-40ce-936c-035e69f66603,94bfe5a5-ac33-421d-8522-e32079fa54ff,parcela_paga,4658.43,2023-01-26 09:26:59,
83f01ba1-752b-4d3b-a1a6-37891ec0c998,94bfe5a5-ac33-421d-8522-e32079fa54ff,PARCELA_PAGA,4658.43,2023-03-02 09:26:59,pagamento via débito automático
69a50057-50bf-491d-ac3a-b824b7061132,94bfe5a5-ac33-421d-8522-e32079fa54ff,PARCELA_PAGA,4658.43,2023-04-06 09:26:59,pagamento via débito automático
79d47fd6-504a-4dec-92a5-fdebed16dd8d,94bfe5a5-ac33-421d-8522-e32079fa54ff,installment_paid,4658.43,2023-05-06 09:26:59,
